variable,value,outcome,fraction
marker_clarity,0.0,AVOID,0.38314
marker_clarity,0.0,OBSERVE,0.59831
marker_clarity,0.0,PRESERVE,0.01855
marker_clarity,0.0,INVESTIGATE,0.0
marker_clarity,0.0,EXCAVATE,0.0
marker_clarity,0.041666666666666664,AVOID,0.39221
marker_clarity,0.041666666666666664,OBSERVE,0.59072
marker_clarity,0.041666666666666664,PRESERVE,0.01707
marker_clarity,0.041666666666666664,INVESTIGATE,0.0
marker_clarity,0.041666666666666664,EXCAVATE,0.0
marker_clarity,0.08333333333333333,AVOID,0.40056
marker_clarity,0.08333333333333333,OBSERVE,0.5837
marker_clarity,0.08333333333333333,PRESERVE,0.01574
marker_clarity,0.08333333333333333,INVESTIGATE,0.0
marker_clarity,0.08333333333333333,EXCAVATE,0.0
marker_clarity,0.125,AVOID,0.4091
marker_clarity,0.125,OBSERVE,0.57662
marker_clarity,0.125,PRESERVE,0.01428
marker_clarity,0.125,INVESTIGATE,0.0
marker_clarity,0.125,EXCAVATE,0.0
marker_clarity,0.16666666666666666,AVOID,0.41763
marker_clarity,0.16666666666666666,OBSERVE,0.56958
marker_clarity,0.16666666666666666,PRESERVE,0.01279
marker_clarity,0.16666666666666666,INVESTIGATE,0.0
marker_clarity,0.16666666666666666,EXCAVATE,0.0
marker_clarity,0.20833333333333331,AVOID,0.42732
marker_clarity,0.20833333333333331,OBSERVE,0.56116
marker_clarity,0.20833333333333331,PRESERVE,0.01152
marker_clarity,0.20833333333333331,INVESTIGATE,0.0
marker_clarity,0.20833333333333331,EXCAVATE,0.0
marker_clarity,0.25,AVOID,0.43691
marker_clarity,0.25,OBSERVE,0.5527
marker_clarity,0.25,PRESERVE,0.01039
marker_clarity,0.25,INVESTIGATE,0.0
marker_clarity,0.25,EXCAVATE,0.0
marker_clarity,0.29166666666666663,AVOID,0.44646
marker_clarity,0.29166666666666663,OBSERVE,0.54437
marker_clarity,0.29166666666666663,PRESERVE,0.00917
marker_clarity,0.29166666666666663,INVESTIGATE,0.0
marker_clarity,0.29166666666666663,EXCAVATE,0.0
marker_clarity,0.3333333333333333,AVOID,0.45596
marker_clarity,0.3333333333333333,OBSERVE,0.53595
marker_clarity,0.3333333333333333,PRESERVE,0.00809
marker_clarity,0.3333333333333333,INVESTIGATE,0.0
marker_clarity,0.3333333333333333,EXCAVATE,0.0
marker_clarity,0.375,AVOID,0.4654
marker_clarity,0.375,OBSERVE,0.52753
marker_clarity,0.375,PRESERVE,0.00707
marker_clarity,0.375,INVESTIGATE,0.0
marker_clarity,0.375,EXCAVATE,0.0
marker_clarity,0.41666666666666663,AVOID,0.47504
marker_clarity,0.41666666666666663,OBSERVE,0.51854
marker_clarity,0.41666666666666663,PRESERVE,0.00642
marker_clarity,0.41666666666666663,INVESTIGATE,0.0
marker_clarity,0.41666666666666663,EXCAVATE,0.0
marker_clarity,0.4583333333333333,AVOID,0.48507
marker_clarity,0.4583333333333333,OBSERVE,0.50908
marker_clarity,0.4583333333333333,PRESERVE,0.00585
marker_clarity,0.4583333333333333,INVESTIGATE,0.0
marker_clarity,0.4583333333333333,EXCAVATE,0.0
marker_clarity,0.5,AVOID,0.49514
marker_clarity,0.5,OBSERVE,0.49969
marker_clarity,0.5,PRESERVE,0.00517
marker_clarity,0.5,INVESTIGATE,0.0
marker_clarity,0.5,EXCAVATE,0.0
marker_clarity,0.5416666666666666,AVOID,0.50597
marker_clarity,0.5416666666666666,OBSERVE,0.48952
marker_clarity,0.5416666666666666,PRESERVE,0.00451
marker_clarity,0.5416666666666666,INVESTIGATE,0.0
marker_clarity,0.5416666666666666,EXCAVATE,0.0
marker_clarity,0.5833333333333333,AVOID,0.5166
marker_clarity,0.5833333333333333,OBSERVE,0.47944
marker_clarity,0.5833333333333333,PRESERVE,0.00396
marker_clarity,0.5833333333333333,INVESTIGATE,0.0
marker_clarity,0.5833333333333333,EXCAVATE,0.0
marker_clarity,0.625,AVOID,0.52706
marker_clarity,0.625,OBSERVE,0.46944
marker_clarity,0.625,PRESERVE,0.0035
marker_clarity,0.625,INVESTIGATE,0.0
marker_clarity,0.625,EXCAVATE,0.0
marker_clarity,0.6666666666666666,AVOID,0.53765
marker_clarity,0.6666666666666666,OBSERVE,0.45914
marker_clarity,0.6666666666666666,PRESERVE,0.00321
marker_clarity,0.6666666666666666,INVESTIGATE,0.0
marker_clarity,0.6666666666666666,EXCAVATE,0.0
marker_clarity,0.7083333333333333,AVOID,0.5482
marker_clarity,0.7083333333333333,OBSERVE,0.44898
marker_clarity,0.7083333333333333,PRESERVE,0.00282
marker_clarity,0.7083333333333333,INVESTIGATE,0.0
marker_clarity,0.7083333333333333,EXCAVATE,0.0
marker_clarity,0.75,AVOID,0.55861
marker_clarity,0.75,OBSERVE,0.43894
marker_clarity,0.75,PRESERVE,0.00245
marker_clarity,0.75,INVESTIGATE,0.0
marker_clarity,0.75,EXCAVATE,0.0
marker_clarity,0.7916666666666666,AVOID,0.56933
marker_clarity,0.7916666666666666,OBSERVE,0.42863
marker_clarity,0.7916666666666666,PRESERVE,0.00204
marker_clarity,0.7916666666666666,INVESTIGATE,0.0
marker_clarity,0.7916666666666666,EXCAVATE,0.0
marker_clarity,0.8333333333333333,AVOID,0.5801
marker_clarity,0.8333333333333333,OBSERVE,0.41812
marker_clarity,0.8333333333333333,PRESERVE,0.00178
marker_clarity,0.8333333333333333,INVESTIGATE,0.0
marker_clarity,0.8333333333333333,EXCAVATE,0.0
marker_clarity,0.875,AVOID,0.59127
marker_clarity,0.875,OBSERVE,0.40721
marker_clarity,0.875,PRESERVE,0.00152
marker_clarity,0.875,INVESTIGATE,0.0
marker_clarity,0.875,EXCAVATE,0.0
marker_clarity,0.9166666666666666,AVOID,0.60193
marker_clarity,0.9166666666666666,OBSERVE,0.39674
marker_clarity,0.9166666666666666,PRESERVE,0.00133
marker_clarity,0.9166666666666666,INVESTIGATE,0.0
marker_clarity,0.9166666666666666,EXCAVATE,0.0
marker_clarity,0.9583333333333333,AVOID,0.6122
marker_clarity,0.9583333333333333,OBSERVE,0.38662
marker_clarity,0.9583333333333333,PRESERVE,0.00118
marker_clarity,0.9583333333333333,INVESTIGATE,0.0
marker_clarity,0.9583333333333333,EXCAVATE,0.0
marker_clarity,1.0,AVOID,0.62276
marker_clarity,1.0,OBSERVE,0.37622
marker_clarity,1.0,PRESERVE,0.00102
marker_clarity,1.0,INVESTIGATE,0.0
marker_clarity,1.0,EXCAVATE,0.0
phenomenological_caution,0.0,AVOID,0.10825
phenomenological_caution,0.0,OBSERVE,0.63361
phenomenological_caution,0.0,PRESERVE,0.25319
phenomenological_caution,0.0,INVESTIGATE,0.00495
phenomenological_caution,0.0,EXCAVATE,0.0
phenomenological_caution,0.041666666666666664,AVOID,0.12309
phenomenological_caution,0.041666666666666664,OBSERVE,0.65419
phenomenological_caution,0.041666666666666664,PRESERVE,0.21975
phenomenological_caution,0.041666666666666664,INVESTIGATE,0.00297
phenomenological_caution,0.041666666666666664,EXCAVATE,0.0
phenomenological_caution,0.08333333333333333,AVOID,0.13976
phenomenological_caution,0.08333333333333333,OBSERVE,0.67173
phenomenological_caution,0.08333333333333333,PRESERVE,0.18681
phenomenological_caution,0.08333333333333333,INVESTIGATE,0.0017
phenomenological_caution,0.08333333333333333,EXCAVATE,0.0
phenomenological_caution,0.125,AVOID,0.15855
phenomenological_caution,0.125,OBSERVE,0.68448
phenomenological_caution,0.125,PRESERVE,0.15614
phenomenological_caution,0.125,INVESTIGATE,0.00083
phenomenological_caution,0.125,EXCAVATE,0.0
phenomenological_caution,0.16666666666666666,AVOID,0.18079
phenomenological_caution,0.16666666666666666,OBSERVE,0.69145
phenomenological_caution,0.16666666666666666,PRESERVE,0.12739
phenomenological_caution,0.16666666666666666,INVESTIGATE,0.00037
phenomenological_caution,0.16666666666666666,EXCAVATE,0.0
phenomenological_caution,0.20833333333333331,AVOID,0.20613
phenomenological_caution,0.20833333333333331,OBSERVE,0.6932
phenomenological_caution,0.20833333333333331,PRESERVE,0.10055
phenomenological_caution,0.20833333333333331,INVESTIGATE,0.00012
phenomenological_caution,0.20833333333333331,EXCAVATE,0.0
phenomenological_caution,0.25,AVOID,0.23435
phenomenological_caution,0.25,OBSERVE,0.68821
phenomenological_caution,0.25,PRESERVE,0.07743
phenomenological_caution,0.25,INVESTIGATE,1e-05
phenomenological_caution,0.25,EXCAVATE,0.0
phenomenological_caution,0.29166666666666663,AVOID,0.26718
phenomenological_caution,0.29166666666666663,OBSERVE,0.67556
phenomenological_caution,0.29166666666666663,PRESERVE,0.05726
phenomenological_caution,0.29166666666666663,INVESTIGATE,0.0
phenomenological_caution,0.29166666666666663,EXCAVATE,0.0
phenomenological_caution,0.3333333333333333,AVOID,0.30432
phenomenological_caution,0.3333333333333333,OBSERVE,0.65504
phenomenological_caution,0.3333333333333333,PRESERVE,0.04064
phenomenological_caution,0.3333333333333333,INVESTIGATE,0.0
phenomenological_caution,0.3333333333333333,EXCAVATE,0.0
phenomenological_caution,0.375,AVOID,0.3463
phenomenological_caution,0.375,OBSERVE,0.62647
phenomenological_caution,0.375,PRESERVE,0.02723
phenomenological_caution,0.375,INVESTIGATE,0.0
phenomenological_caution,0.375,EXCAVATE,0.0
phenomenological_caution,0.41666666666666663,AVOID,0.39111
phenomenological_caution,0.41666666666666663,OBSERVE,0.59168
phenomenological_caution,0.41666666666666663,PRESERVE,0.01721
phenomenological_caution,0.41666666666666663,INVESTIGATE,0.0
phenomenological_caution,0.41666666666666663,EXCAVATE,0.0
phenomenological_caution,0.4583333333333333,AVOID,0.44112
phenomenological_caution,0.4583333333333333,OBSERVE,0.54908
phenomenological_caution,0.4583333333333333,PRESERVE,0.0098
phenomenological_caution,0.4583333333333333,INVESTIGATE,0.0
phenomenological_caution,0.4583333333333333,EXCAVATE,0.0
phenomenological_caution,0.5,AVOID,0.49514
phenomenological_caution,0.5,OBSERVE,0.49969
phenomenological_caution,0.5,PRESERVE,0.00517
phenomenological_caution,0.5,INVESTIGATE,0.0
phenomenological_caution,0.5,EXCAVATE,0.0
phenomenological_caution,0.5416666666666666,AVOID,0.55386
phenomenological_caution,0.5416666666666666,OBSERVE,0.4435
phenomenological_caution,0.5416666666666666,PRESERVE,0.00264
phenomenological_caution,0.5416666666666666,INVESTIGATE,0.0
phenomenological_caution,0.5416666666666666,EXCAVATE,0.0
phenomenological_caution,0.5833333333333333,AVOID,0.61328
phenomenological_caution,0.5833333333333333,OBSERVE,0.38554
phenomenological_caution,0.5833333333333333,PRESERVE,0.00118
phenomenological_caution,0.5833333333333333,INVESTIGATE,0.0
phenomenological_caution,0.5833333333333333,EXCAVATE,0.0
phenomenological_caution,0.625,AVOID,0.67456
phenomenological_caution,0.625,OBSERVE,0.32501
phenomenological_caution,0.625,PRESERVE,0.00043
phenomenological_caution,0.625,INVESTIGATE,0.0
phenomenological_caution,0.625,EXCAVATE,0.0
phenomenological_caution,0.6666666666666666,AVOID,0.73345
phenomenological_caution,0.6666666666666666,OBSERVE,0.26647
phenomenological_caution,0.6666666666666666,PRESERVE,8e-05
phenomenological_caution,0.6666666666666666,INVESTIGATE,0.0
phenomenological_caution,0.6666666666666666,EXCAVATE,0.0
phenomenological_caution,0.7083333333333333,AVOID,0.78899
phenomenological_caution,0.7083333333333333,OBSERVE,0.21101
phenomenological_caution,0.7083333333333333,PRESERVE,0.0
phenomenological_caution,0.7083333333333333,INVESTIGATE,0.0
phenomenological_caution,0.7083333333333333,EXCAVATE,0.0
phenomenological_caution,0.75,AVOID,0.83792
phenomenological_caution,0.75,OBSERVE,0.16208
phenomenological_caution,0.75,PRESERVE,0.0
phenomenological_caution,0.75,INVESTIGATE,0.0
phenomenological_caution,0.75,EXCAVATE,0.0
phenomenological_caution,0.7916666666666666,AVOID,0.88031
phenomenological_caution,0.7916666666666666,OBSERVE,0.11969
phenomenological_caution,0.7916666666666666,PRESERVE,0.0
phenomenological_caution,0.7916666666666666,INVESTIGATE,0.0
phenomenological_caution,0.7916666666666666,EXCAVATE,0.0
phenomenological_caution,0.8333333333333333,AVOID,0.91653
phenomenological_caution,0.8333333333333333,OBSERVE,0.08347
phenomenological_caution,0.8333333333333333,PRESERVE,0.0
phenomenological_caution,0.8333333333333333,INVESTIGATE,0.0
phenomenological_caution,0.8333333333333333,EXCAVATE,0.0
phenomenological_caution,0.875,AVOID,0.94596
phenomenological_caution,0.875,OBSERVE,0.05404
phenomenological_caution,0.875,PRESERVE,0.0
phenomenological_caution,0.875,INVESTIGATE,0.0
phenomenological_caution,0.875,EXCAVATE,0.0
phenomenological_caution,0.9166666666666666,AVOID,0.96795
phenomenological_caution,0.9166666666666666,OBSERVE,0.03205
phenomenological_caution,0.9166666666666666,PRESERVE,0.0
phenomenological_caution,0.9166666666666666,INVESTIGATE,0.0
phenomenological_caution,0.9166666666666666,EXCAVATE,0.0
phenomenological_caution,0.9583333333333333,AVOID,0.98362
phenomenological_caution,0.9583333333333333,OBSERVE,0.01638
phenomenological_caution,0.9583333333333333,PRESERVE,0.0
phenomenological_caution,0.9583333333333333,INVESTIGATE,0.0
phenomenological_caution,0.9583333333333333,EXCAVATE,0.0
phenomenological_caution,1.0,AVOID,0.99314
phenomenological_caution,1.0,OBSERVE,0.00686
phenomenological_caution,1.0,PRESERVE,0.0
phenomenological_caution,1.0,INVESTIGATE,0.0
phenomenological_caution,1.0,EXCAVATE,0.0
interpretive_capacity,0.0,AVOID,0.26596
interpretive_capacity,0.0,OBSERVE,0.67604
interpretive_capacity,0.0,PRESERVE,0.058
interpretive_capacity,0.0,INVESTIGATE,0.0
interpretive_capacity,0.0,EXCAVATE,0.0
interpretive_capacity,0.041666666666666664,AVOID,0.28086
interpretive_capacity,0.041666666666666664,OBSERVE,0.66863
interpretive_capacity,0.041666666666666664,PRESERVE,0.05051
interpretive_capacity,0.041666666666666664,INVESTIGATE,0.0
interpretive_capacity,0.041666666666666664,EXCAVATE,0.0
interpretive_capacity,0.08333333333333333,AVOID,0.2961
interpretive_capacity,0.08333333333333333,OBSERVE,0.66023
interpretive_capacity,0.08333333333333333,PRESERVE,0.04367
interpretive_capacity,0.08333333333333333,INVESTIGATE,0.0
interpretive_capacity,0.08333333333333333,EXCAVATE,0.0
interpretive_capacity,0.125,AVOID,0.31278
interpretive_capacity,0.125,OBSERVE,0.64995
interpretive_capacity,0.125,PRESERVE,0.03727
interpretive_capacity,0.125,INVESTIGATE,0.0
interpretive_capacity,0.125,EXCAVATE,0.0
interpretive_capacity,0.16666666666666666,AVOID,0.33011
interpretive_capacity,0.16666666666666666,OBSERVE,0.63804
interpretive_capacity,0.16666666666666666,PRESERVE,0.03185
interpretive_capacity,0.16666666666666666,INVESTIGATE,0.0
interpretive_capacity,0.16666666666666666,EXCAVATE,0.0
interpretive_capacity,0.20833333333333331,AVOID,0.34892
interpretive_capacity,0.20833333333333331,OBSERVE,0.62449
interpretive_capacity,0.20833333333333331,PRESERVE,0.02659
interpretive_capacity,0.20833333333333331,INVESTIGATE,0.0
interpretive_capacity,0.20833333333333331,EXCAVATE,0.0
interpretive_capacity,0.25,AVOID,0.36697
interpretive_capacity,0.25,OBSERVE,0.61084
interpretive_capacity,0.25,PRESERVE,0.02219
interpretive_capacity,0.25,INVESTIGATE,0.0
interpretive_capacity,0.25,EXCAVATE,0.0
interpretive_capacity,0.29166666666666663,AVOID,0.38609
interpretive_capacity,0.29166666666666663,OBSERVE,0.59589
interpretive_capacity,0.29166666666666663,PRESERVE,0.01802
interpretive_capacity,0.29166666666666663,INVESTIGATE,0.0
interpretive_capacity,0.29166666666666663,EXCAVATE,0.0
interpretive_capacity,0.3333333333333333,AVOID,0.40639
interpretive_capacity,0.3333333333333333,OBSERVE,0.57883
interpretive_capacity,0.3333333333333333,PRESERVE,0.01478
interpretive_capacity,0.3333333333333333,INVESTIGATE,0.0
interpretive_capacity,0.3333333333333333,EXCAVATE,0.0
interpretive_capacity,0.375,AVOID,0.42732
interpretive_capacity,0.375,OBSERVE,0.56116
interpretive_capacity,0.375,PRESERVE,0.01152
interpretive_capacity,0.375,INVESTIGATE,0.0
interpretive_capacity,0.375,EXCAVATE,0.0
interpretive_capacity,0.41666666666666663,AVOID,0.44969
interpretive_capacity,0.41666666666666663,OBSERVE,0.54157
interpretive_capacity,0.41666666666666663,PRESERVE,0.00874
interpretive_capacity,0.41666666666666663,INVESTIGATE,0.0
interpretive_capacity,0.41666666666666663,EXCAVATE,0.0
interpretive_capacity,0.4583333333333333,AVOID,0.47197
interpretive_capacity,0.4583333333333333,OBSERVE,0.52141
interpretive_capacity,0.4583333333333333,PRESERVE,0.00662
interpretive_capacity,0.4583333333333333,INVESTIGATE,0.0
interpretive_capacity,0.4583333333333333,EXCAVATE,0.0
interpretive_capacity,0.5,AVOID,0.49514
interpretive_capacity,0.5,OBSERVE,0.49969
interpretive_capacity,0.5,PRESERVE,0.00517
interpretive_capacity,0.5,INVESTIGATE,0.0
interpretive_capacity,0.5,EXCAVATE,0.0
interpretive_capacity,0.5416666666666666,AVOID,0.52018
interpretive_capacity,0.5416666666666666,OBSERVE,0.47604
interpretive_capacity,0.5416666666666666,PRESERVE,0.00378
interpretive_capacity,0.5416666666666666,INVESTIGATE,0.0
interpretive_capacity,0.5416666666666666,EXCAVATE,0.0
interpretive_capacity,0.5833333333333333,AVOID,0.54499
interpretive_capacity,0.5833333333333333,OBSERVE,0.45211
interpretive_capacity,0.5833333333333333,PRESERVE,0.0029
interpretive_capacity,0.5833333333333333,INVESTIGATE,0.0
interpretive_capacity,0.5833333333333333,EXCAVATE,0.0
interpretive_capacity,0.625,AVOID,0.56933
interpretive_capacity,0.625,OBSERVE,0.42863
interpretive_capacity,0.625,PRESERVE,0.00204
interpretive_capacity,0.625,INVESTIGATE,0.0
interpretive_capacity,0.625,EXCAVATE,0.0
interpretive_capacity,0.6666666666666666,AVOID,0.59493
interpretive_capacity,0.6666666666666666,OBSERVE,0.4036
interpretive_capacity,0.6666666666666666,PRESERVE,0.00147
interpretive_capacity,0.6666666666666666,INVESTIGATE,0.0
interpretive_capacity,0.6666666666666666,EXCAVATE,0.0
interpretive_capacity,0.7083333333333333,AVOID,0.6195
interpretive_capacity,0.7083333333333333,OBSERVE,0.37943
interpretive_capacity,0.7083333333333333,PRESERVE,0.00107
interpretive_capacity,0.7083333333333333,INVESTIGATE,0.0
interpretive_capacity,0.7083333333333333,EXCAVATE,0.0
interpretive_capacity,0.75,AVOID,0.64563
interpretive_capacity,0.75,OBSERVE,0.35368
interpretive_capacity,0.75,PRESERVE,0.00069
interpretive_capacity,0.75,INVESTIGATE,0.0
interpretive_capacity,0.75,EXCAVATE,0.0
interpretive_capacity,0.7916666666666666,AVOID,0.67076
interpretive_capacity,0.7916666666666666,OBSERVE,0.3288
interpretive_capacity,0.7916666666666666,PRESERVE,0.00044
interpretive_capacity,0.7916666666666666,INVESTIGATE,0.0
interpretive_capacity,0.7916666666666666,EXCAVATE,0.0
interpretive_capacity,0.8333333333333333,AVOID,0.69595
interpretive_capacity,0.8333333333333333,OBSERVE,0.3038
interpretive_capacity,0.8333333333333333,PRESERVE,0.00025
interpretive_capacity,0.8333333333333333,INVESTIGATE,0.0
interpretive_capacity,0.8333333333333333,EXCAVATE,0.0
interpretive_capacity,0.875,AVOID,0.72101
interpretive_capacity,0.875,OBSERVE,0.27887
interpretive_capacity,0.875,PRESERVE,0.00012
interpretive_capacity,0.875,INVESTIGATE,0.0
interpretive_capacity,0.875,EXCAVATE,0.0
interpretive_capacity,0.9166666666666666,AVOID,0.74483
interpretive_capacity,0.9166666666666666,OBSERVE,0.2551
interpretive_capacity,0.9166666666666666,PRESERVE,7e-05
interpretive_capacity,0.9166666666666666,INVESTIGATE,0.0
interpretive_capacity,0.9166666666666666,EXCAVATE,0.0
interpretive_capacity,0.9583333333333333,AVOID,0.76834
interpretive_capacity,0.9583333333333333,OBSERVE,0.23166
interpretive_capacity,0.9583333333333333,PRESERVE,0.0
interpretive_capacity,0.9583333333333333,INVESTIGATE,0.0
interpretive_capacity,0.9583333333333333,EXCAVATE,0.0
interpretive_capacity,1.0,AVOID,0.79126
interpretive_capacity,1.0,OBSERVE,0.20874
interpretive_capacity,1.0,PRESERVE,0.0
interpretive_capacity,1.0,INVESTIGATE,0.0
interpretive_capacity,1.0,EXCAVATE,0.0
